time,close,open,high,low,volume
1739944800,33230.0,33038.0,33393.0,33038.0,90
1739948400,33008.0,33227.0,33227.0,33008.0,6
1739952000,32912.0,32911.0,32953.0,32875.0,6
1739959200,33174.0,33025.0,33222.0,32969.0,9
1739966400,33182.0,33133.0,33182.0,33133.0,3
1739973600,33463.0,33446.0,33463.0,33446.0,3
1739977200,33333.0,33280.0,33333.0,33280.0,12
1739991600,33462.0,33468.0,33468.0,33462.0,2
1740031200,33404.0,33384.0,33404.0,33384.0,3
1740034800,33450.0,33450.0,33450.0,33450.0,10
1740038400,33265.0,33351.0,33367.0,33219.0,36
1740042000,33438.0,33254.0,33438.0,33254.0,10
1740045600,33430.0,33492.0,33493.0,33430.0,14
1740049200,33443.0,33430.0,33443.0,33358.0,3
1740052800,33500.0,33512.0,33514.0,33500.0,3
1740056400,33539.0,33545.0,33545.0,33539.0,2
1740060000,33543.0,33604.0,33604.0,33543.0,2
1740063600,33319.0,33380.0,33380.0,33319.0,8
1740067200,33328.0,33328.0,33328.0,33328.0,1
1740070800,33266.0,33266.0,33266.0,33266.0,4
1740074400,33325.0,33310.0,33325.0,33288.0,6
1740121200,33273.0,33273.0,33273.0,33273.0,1
1740124800,33384.0,33384.0,33384.0,33384.0,1
1740128400,33283.0,33313.0,33313.0,33283.0,15
1740132000,33159.0,33283.0,33283.0,33159.0,18
1740135600,33190.0,33007.0,33190.0,32987.0,38
1740139200,33143.0,33143.0,33143.0,33143.0,1
1740142800,33225.0,33139.0,33225.0,33139.0,4
1740157200,33300.0,33300.0,33300.0,33300.0,5
1740160800,33315.0,33343.0,33343.0,33310.0,4
1740164400,33335.0,33319.0,33335.0,33314.0,7
1740168000,33300.0,33335.0,33336.0,33300.0,3
1740376800,33373.0,33368.0,33373.0,33368.0,2
1740380400,33332.0,33380.0,33380.0,33309.0,14
1740384000,33258.0,33294.0,33307.0,33258.0,14
1740391200,33167.0,33218.0,33263.0,33153.0,7
1740394800,33288.0,33207.0,33288.0,33207.0,5
1740412800,33348.0,33301.0,33348.0,33301.0,6
1740416400,33299.0,33299.0,33299.0,33299.0,2
1740420000,33381.0,33441.0,33441.0,33381.0,3
1740423600,33364.0,33364.0,33364.0,33364.0,1
1740427200,33394.0,33352.0,33394.0,33335.0,5
1740463200,33512.0,33446.0,33512.0,33446.0,19
1740466800,33496.0,33502.0,33502.0,33496.0,5
1740474000,33622.0,33542.0,33658.0,33542.0,23
1740477600,33495.0,33607.0,33607.0,33477.0,6
1740481200,33558.0,33580.0,33582.0,33555.0,5
1740484800,33514.0,33514.0,33514.0,33514.0,1
1740488400,33510.0,33506.0,33510.0,33506.0,2
1740499200,33450.0,33437.0,33450.0,33437.0,2
1740506400,33463.0,33469.0,33469.0,33463.0,2
1740549600,33500.0,33402.0,33550.0,33001.0,67
1740553200,33425.0,33409.0,33425.0,33367.0,10
1740556800,33425.0,33426.0,33426.0,33425.0,2
1740560400,33350.0,33406.0,33406.0,33350.0,6
1740564000,33088.0,33330.0,33339.0,33003.0,32
1740567600,33044.0,32993.0,33098.0,32992.0,12
1740571200,32828.0,33143.0,33144.0,32828.0,13
1740574800,32990.0,32850.0,32990.0,32831.0,72
1740578400,33150.0,32996.0,33150.0,32957.0,8
1740582000,33117.0,33140.0,33140.0,33117.0,2
1740585600,32906.0,32908.0,32936.0,32870.0,10
1740589200,32831.0,33020.0,33021.0,32831.0,6
1740592800,32935.0,32917.0,32935.0,32917.0,6
1740636000,32907.0,32787.0,32921.0,32783.0,34
1740639600,32952.0,33010.0,33010.0,32952.0,2
1740643200,32762.0,32874.0,32874.0,32693.0,12
1740646800,32603.0,32905.0,32976.0,32603.0,14
1740650400,32699.0,32603.0,32710.0,32603.0,15
1740657600,33087.0,32800.0,33087.0,32800.0,19
1740661200,33137.0,33148.0,33148.0,33137.0,2
1740664800,32971.0,32971.0,32971.0,32971.0,1
1740668400,32968.0,32968.0,32968.0,32968.0,8
1740672000,32700.0,32668.0,32774.0,32667.0,9
1740679200,32639.0,32592.0,32639.0,32592.0,4
1740682800,32633.0,32679.0,32679.0,32633.0,2
1740686400,32560.0,32560.0,32560.0,32560.0,1
1740722400,32623.0,32541.0,32671.0,32541.0,13
1740726000,32420.0,32542.0,32542.0,32420.0,40
1740729600,32316.0,32291.0,32324.0,32291.0,5
1740736800,32332.0,32332.0,32332.0,32332.0,2
1740740400,32500.0,32531.0,32531.0,32500.0,12
1740744000,32345.0,32345.0,32345.0,32345.0,1
1740747600,32406.0,32389.0,32406.0,32389.0,2
1740751200,32399.0,32399.0,32399.0,32399.0,1
1740754800,32548.0,32452.0,32561.0,32452.0,7
1740758400,32862.0,32515.0,32862.0,32515.0,18
1740762000,32829.0,32843.0,32843.0,32829.0,2
1740765600,32475.0,32840.0,32840.0,32418.0,10
1740769200,32733.0,32598.0,32733.0,32598.0,16
1740772800,32737.0,32748.0,32800.0,32737.0,11
1740981600,32263.0,32340.0,32340.0,32200.0,44
1740985200,32000.0,32142.0,32148.0,32000.0,6
1740988800,31950.0,32100.0,32119.0,31950.0,6
1740992400,31964.0,31970.0,31970.0,31850.0,29
1740996000,32123.0,31963.0,32146.0,31943.0,28
1740999600,32099.0,32051.0,32147.0,32051.0,4
1741003200,32161.0,32139.0,32161.0,32139.0,3
1741006800,32318.0,32198.0,32318.0,32198.0,5
1741010400,32200.0,32307.0,32307.0,32200.0,11
1741014000,32193.0,32200.0,32200.0,32193.0,5
1741017600,32112.0,32119.0,32119.0,32112.0,3
1741024800,32185.0,32351.0,32351.0,32185.0,12
1741028400,32414.0,32227.0,32414.0,32227.0,4
1741032000,32493.0,32471.0,32493.0,32435.0,23
1741068000,32663.0,32625.0,32684.0,32622.0,16
1741071600,33138.0,32644.0,33160.0,32620.0,29
1741075200,33208.0,33096.0,33211.0,33052.0,27
1741078800,33221.0,33246.0,33246.0,33206.0,19
1741082400,33078.0,33177.0,33177.0,33078.0,11
1741086000,33222.0,33243.0,33256.0,33222.0,4
1741089600,33245.0,33248.0,33320.0,33174.0,35
1741093200,33407.0,33310.0,33407.0,33293.0,11
1741096800,33296.0,33355.0,33355.0,33228.0,56
1741100400,33404.0,33320.0,33404.0,33313.0,7
1741104000,33406.0,33458.0,33605.0,33386.0,95
1741107600,33399.0,33405.0,33405.0,33399.0,3
1741111200,33386.0,33399.0,33399.0,33386.0,48
1741118400,33451.0,33451.0,33451.0,33451.0,1
1741154400,33238.0,33301.0,33301.0,33226.0,6
1741158000,33167.0,33120.0,33195.0,33106.0,9
1741161600,33433.0,33433.0,33433.0,33433.0,1
1741165200,33497.0,33496.0,33506.0,33496.0,6
1741168800,33491.0,33491.0,33491.0,33491.0,3
1741172400,33454.0,33365.0,33454.0,33290.0,8
1741176000,33359.0,33374.0,33374.0,33359.0,2
1741179600,33466.0,33466.0,33466.0,33466.0,3
1741183200,33397.0,33494.0,33531.0,33397.0,46
1741186800,33558.0,33521.0,33558.0,33521.0,3
1741194000,33440.0,33446.0,33446.0,33418.0,6
1741197600,33403.0,33397.0,33403.0,33345.0,8
1741201200,33180.0,33329.0,33329.0,33180.0,4
1741204800,33125.0,33211.0,33211.0,33110.0,7
1741240800,33155.0,33155.0,33155.0,33155.0,1
1741244400,33254.0,33238.0,33254.0,33180.0,5
1741248000,33254.0,33254.0,33254.0,33254.0,18
1741258800,33150.0,33151.0,33151.0,33150.0,2
1741262400,33165.0,33146.0,33203.0,33146.0,4
1741266000,33340.0,33339.0,33340.0,33329.0,3
1741269600,33331.0,33354.0,33396.0,33331.0,6
1741273200,33258.0,33330.0,33330.0,33243.0,7
1741284000,33297.0,33297.0,33297.0,33297.0,1
1741327200,33356.0,33295.0,33356.0,33295.0,5
1741330800,33595.0,33357.0,33619.0,33357.0,21
1741334400,33698.0,33669.0,33700.0,33669.0,4
1741338000,33646.0,33646.0,33646.0,33646.0,10
1741341600,33616.0,33620.0,33620.0,33616.0,2
1741345200,33673.0,33665.0,33687.0,33614.0,78
1741348800,33612.0,33673.0,33674.0,33609.0,42
1741352400,33653.0,33608.0,33669.0,33608.0,14
1741356000,32894.0,33664.0,33664.0,32427.0,294
1741359600,32786.0,32890.0,32994.0,32786.0,75
1741363200,33125.0,32903.0,33148.0,32901.0,22
1741366800,33263.0,33040.0,33311.0,33040.0,7
1741370400,33262.0,33262.0,33262.0,33262.0,1
1741374000,33187.0,33216.0,33228.0,33164.0,9
1741377600,33192.0,33183.0,33192.0,33183.0,3
1741586400,33325.0,33237.0,33431.0,33237.0,15
1741590000,33290.0,33325.0,33355.0,33220.0,85
1741593600,33308.0,33318.0,33343.0,33294.0,33
1741597200,33400.0,33271.0,33400.0,33238.0,21
1741600800,33403.0,33440.0,33440.0,33403.0,5
1741604400,33447.0,33435.0,33447.0,33408.0,4
1741608000,33434.0,33434.0,33434.0,33434.0,1
1741611600,33441.0,33488.0,33536.0,33441.0,19
1741615200,33389.0,33441.0,33441.0,33389.0,59
1741618800,33356.0,33344.0,33364.0,33340.0,7
1741622400,33290.0,33290.0,33290.0,33290.0,1
1741626000,33229.0,33312.0,33329.0,33212.0,13
1741629600,33317.0,33229.0,33317.0,33229.0,27
1741633200,33303.0,33270.0,33303.0,33270.0,4
1741672800,33227.0,33232.0,33243.0,33175.0,38
1741676400,33366.0,33175.0,33366.0,33175.0,18
1741680000,33438.0,33576.0,33741.0,33438.0,227
1741683600,33438.0,33437.0,33438.0,33334.0,9
1741687200,33514.0,33438.0,33514.0,33438.0,7
1741690800,33470.0,33441.0,33534.0,33388.0,28
1741694400,33458.0,33400.0,33458.0,33400.0,23
1741698000,33559.0,33548.0,33570.0,33548.0,15
1741701600,33663.0,33662.0,33740.0,33662.0,17
1741705200,33595.0,33571.0,33595.0,33518.0,19
1741708800,33744.0,33580.0,33744.0,33580.0,22
1741712400,33744.0,33783.0,33800.0,33640.0,90
1741716000,33568.0,33757.0,33758.0,33449.0,21
1741719600,33540.0,33525.0,33581.0,30726.0,304
1741723200,33566.0,33566.0,33566.0,33566.0,3
1741759200,33342.0,33381.0,33496.0,33342.0,89
1741762800,33233.0,33419.0,33510.0,33220.0,154
1741766400,33242.0,33264.0,33295.0,33055.0,160
1741770000,33229.0,33242.0,33350.0,33212.0,54
1741773600,33386.0,33350.0,33425.0,33333.0,76
1741777200,33425.0,33328.0,33520.0,33328.0,193
1741780800,33554.0,33424.0,33565.0,33420.0,103
1741784400,33491.0,33557.0,33557.0,33491.0,3
1741788000,33424.0,33390.0,33424.0,33390.0,6
1741791600,33468.0,33468.0,33468.0,33468.0,3
1741795200,33468.0,33427.0,33468.0,33427.0,2
1741798800,33445.0,33445.0,33445.0,33445.0,1
1741802400,33393.0,33416.0,33416.0,33393.0,3
1741845600,33166.0,33146.0,33250.0,33146.0,71
1741849200,33120.0,33208.0,33255.0,32992.0,203
1741852800,33119.0,33101.0,33200.0,33101.0,63
1741856400,33245.0,32998.0,33245.0,32957.0,26
1741860000,33186.0,33206.0,33250.0,33127.0,26
1741863600,32985.0,33134.0,33139.0,32985.0,25
1741867200,32836.0,32942.0,32953.0,32759.0,65
1741870800,32932.0,32789.0,33000.0,32783.0,53
1741874400,32804.0,32933.0,32933.0,32804.0,15
1741878000,33100.0,32804.0,33100.0,32801.0,8
1741881600,33518.0,33393.0,33557.0,33293.0,83
1741885200,33406.0,33499.0,33499.0,33292.0,78
1741888800,33450.0,33410.0,33450.0,33369.0,74
1741892400,33380.0,33396.0,33396.0,33380.0,30
1741896000,33171.0,33215.0,33215.0,33171.0,6
1741932000,33166.0,33130.0,33195.0,33130.0,14
1741935600,33183.0,33184.0,33186.0,33179.0,14
1741939200,32910.0,33091.0,33091.0,32894.0,117
1741942800,33064.0,32887.0,33064.0,32887.0,111
1741946400,33150.0,33125.0,33150.0,33105.0,22
1741950000,33159.0,33153.0,33230.0,33153.0,17
1741953600,33280.0,33195.0,33280.0,33195.0,8
1741957200,33540.0,33300.0,33540.0,33300.0,109
1741960800,33450.0,33529.0,33529.0,33398.0,28
1741964400,33559.0,33450.0,33559.0,33450.0,14
1741971600,33493.0,33494.0,33494.0,33493.0,10
1741978800,33494.0,33477.0,33500.0,33477.0,5
1741982400,33545.0,33494.0,33545.0,33494.0,6
1742187600,33832.0,33560.0,33832.0,33560.0,6
1742191200,33964.0,33980.0,34424.0,33868.0,157
1742194800,33986.0,34000.0,34019.0,33894.0,51
1742198400,34058.0,34017.0,34058.0,34003.0,30
1742202000,34056.0,34088.0,34130.0,34000.0,27
1742205600,34035.0,34037.0,34067.0,34011.0,5
1742209200,33939.0,34048.0,34097.0,33750.0,412
1742212800,34032.0,34024.0,34154.0,33962.0,517
1742216400,34128.0,34032.0,34140.0,34021.0,106
1742220000,34067.0,34080.0,34123.0,34050.0,64
1742223600,34049.0,34049.0,34104.0,34036.0,95
1742227200,34021.0,33978.0,34071.0,33978.0,19
1742230800,33994.0,33990.0,33994.0,33990.0,11
1742234400,34040.0,34040.0,34040.0,34040.0,1
1742238000,34057.0,34040.0,34057.0,34040.0,5
1742241600,34057.0,34056.0,34057.0,34056.0,4
1742277600,34284.0,34120.0,34320.0,34120.0,72
1742281200,34167.0,34259.0,34263.0,34120.0,50
1742284800,34112.0,34169.0,34185.0,34097.0,43
1742288400,34134.0,34139.0,34231.0,34126.0,32
1742292000,34155.0,34138.0,34180.0,34138.0,27
1742295600,34185.0,34165.0,34208.0,34165.0,7
1742299200,34216.0,34205.0,34231.0,34148.0,21
1742302800,34288.0,34196.0,34318.0,34171.0,48
1742306400,34334.0,34274.0,34350.0,34225.0,144
1742310000,34231.0,34350.0,34435.0,33950.0,849
1742313600,34262.0,34218.0,34318.0,34050.0,203
1742317200,33970.0,34219.0,34260.0,33896.0,324
1742320800,33991.0,33936.0,34046.0,33915.0,336
1742324400,33890.0,34015.0,34016.0,33890.0,6
1742328000,33813.0,33856.0,33856.0,33775.0,30
1742364000,33800.0,33865.0,33885.0,33794.0,168
1742367600,33682.0,33800.0,33800.0,33601.0,418
1742371200,33808.0,33678.0,33849.0,33601.0,157
1742374800,33800.0,33846.0,33856.0,33772.0,60
1742378400,33772.0,33796.0,33866.0,33772.0,84
1742382000,33807.0,33772.0,33858.0,33763.0,110
1742385600,33965.0,33806.0,33970.0,33800.0,68
1742389200,34001.0,34006.0,34012.0,33950.0,55
1742392800,33970.0,34016.0,34081.0,33930.0,214
1742396400,34000.0,33969.0,34000.0,33914.0,119
1742400000,34034.0,34015.0,34043.0,33998.0,49
1742403600,33985.0,34029.0,34029.0,33980.0,26
1742407200,33981.0,33945.0,33981.0,33939.0,19
1742410800,33927.0,33968.0,33975.0,33927.0,16
1742414400,33923.0,33950.0,33951.0,33923.0,10
1742450400,33982.0,33968.0,33989.0,33959.0,66
1742454000,33836.0,33982.0,33982.0,33833.0,114
1742457600,33809.0,33826.0,33865.0,33756.0,271
1742461200,33802.0,33817.0,33850.0,33764.0,363
1742464800,33791.0,33821.0,33821.0,33746.0,303
1742468400,33635.0,33768.0,33782.0,33635.0,695
1742472000,33684.0,33645.0,33769.0,33463.0,1457
1742475600,33762.0,33678.0,33833.0,33678.0,196
1742479200,33835.0,33765.0,33835.0,33760.0,153
1742482800,33761.0,33844.0,33844.0,33761.0,27
1742486400,33781.0,33795.0,33795.0,33749.0,30
1742490000,33720.0,33740.0,33749.0,33720.0,24
1742493600,33760.0,33715.0,33773.0,33715.0,48
1742497200,33755.0,33766.0,33789.0,33755.0,7
1742500800,33720.0,33788.0,33788.0,33720.0,22
1742536800,33714.0,33724.0,33724.0,33665.0,90
1742540400,33743.0,33686.0,33750.0,33686.0,939
1742544000,33880.0,33769.0,33905.0,33760.0,302
1742547600,33916.0,33852.0,33938.0,33848.0,168
1742551200,33676.0,33930.0,33933.0,33631.0,342
1742554800,33653.0,33687.0,33746.0,33650.0,84
1742558400,33549.0,33650.0,33725.0,33500.0,440
1742562000,33478.0,33551.0,33551.0,33465.0,186
1742565600,33450.0,33476.0,33549.0,33432.0,138
1742569200,33367.0,33449.0,33486.0,33357.0,386
1742572800,33501.0,33409.0,33514.0,33404.0,134
1742576400,33499.0,33501.0,33508.0,33438.0,60
1742580000,33470.0,33507.0,33533.0,33469.0,110
1742583600,33510.0,33495.0,33510.0,33495.0,3
1742587200,33561.0,33510.0,33561.0,33510.0,52
1742796000,33428.0,33476.0,33498.0,33400.0,503
1742799600,33335.0,33422.0,33440.0,33311.0,780
1742803200,33283.0,33363.0,33390.0,33251.0,1027
1742806800,33201.0,33255.0,33317.0,33191.0,554
1742810400,32957.0,33193.0,33198.0,32905.0,865
1742814000,32435.0,32950.0,32986.0,32356.0,2146
1742817600,32769.0,32452.0,32814.0,32450.0,2621
1742821200,32762.0,32767.0,32852.0,32733.0,432
1742824800,33032.0,32783.0,33046.0,32783.0,278
1742828400,32881.0,33032.0,33064.0,32881.0,587
1742832000,32955.0,32894.0,33023.0,32894.0,156
1742835600,32938.0,32926.0,32960.0,32902.0,118
1742839200,32742.0,32939.0,32939.0,32554.0,572
1742842800,32727.0,32725.0,32763.0,32646.0,42
1742846400,32713.0,32688.0,32715.0,32668.0,28
1742882400,32862.0,32989.0,32990.0,32803.0,207
1742886000,32857.0,32853.0,32858.0,32755.0,530
1742889600,32956.0,32857.0,33021.0,32849.0,525
1742893200,32607.0,32975.0,33035.0,32605.0,648
1742896800,32783.0,32629.0,32841.0,32628.0,190
1742900400,32779.0,32786.0,32826.0,32745.0,70
1742904000,32661.0,32725.0,32748.0,32636.0,133
1742907600,32545.0,32650.0,32650.0,32520.0,419
1742911200,32600.0,32521.0,32604.0,32273.0,654
1742914800,32587.0,32628.0,32738.0,32503.0,228
1742918400,32775.0,32719.0,32838.0,32628.0,317
1742922000,32771.0,32760.0,32798.0,32739.0,63
1742925600,32867.0,32783.0,32880.0,32779.0,94
1742929200,32876.0,32867.0,32908.0,32867.0,37
1742932800,32783.0,32874.0,32874.0,32783.0,33
1742968800,32784.0,32979.0,32979.0,32735.0,77
1742972400,32713.0,32832.0,32840.0,32645.0,164
1742976000,32677.0,32676.0,32730.0,32627.0,40
1742979600,32833.0,32660.0,32841.0,32639.0,107
1742983200,32701.0,32834.0,32872.0,32701.0,129
1742986800,32674.0,32709.0,32761.0,32643.0,186
1742990400,32623.0,32654.0,32737.0,32623.0,174
1742994000,32575.0,32675.0,32675.0,32575.0,190
1742997600,32482.0,32610.0,32639.0,32455.0,107
1743001200,32427.0,32481.0,32536.0,32401.0,599
1743004800,32384.0,32452.0,32520.0,32332.0,73
1743008400,32455.0,32426.0,32530.0,32426.0,65
1743012000,32405.0,32415.0,32428.0,32388.0,51
1743015600,32457.0,32440.0,32490.0,32390.0,68
1743019200,32500.0,32499.0,32500.0,32484.0,9
1743055200,32253.0,32324.0,32386.0,32188.0,297
1743058800,32293.0,32212.0,32377.0,32100.0,352
1743062400,32196.0,32339.0,32340.0,32186.0,177
1743066000,32380.0,32177.0,32416.0,32152.0,403
1743069600,32470.0,32380.0,32504.0,32313.0,416
1743073200,32500.0,32505.0,32634.0,32458.0,243
1743076800,32258.0,32491.0,32491.0,32252.0,178
1743080400,32238.0,32299.0,32349.0,32119.0,261
1743084000,32251.0,32198.0,32372.0,32198.0,199
1743087600,32266.0,32300.0,32350.0,32238.0,60
1743091200,32271.0,32214.0,32313.0,32214.0,74
1743094800,32314.0,32278.0,32334.0,32264.0,98
1743098400,32160.0,32254.0,32265.0,32159.0,43
1743102000,32130.0,32170.0,32170.0,32084.0,148
1743105600,32063.0,32113.0,32162.0,32036.0,55
1743141600,32000.0,31901.0,32068.0,31898.0,428
1743145200,32188.0,31983.0,32252.0,31983.0,447
1743148800,32010.0,32194.0,32246.0,32010.0,274
1743152400,31960.0,32009.0,32054.0,31830.0,429
1743156000,31849.0,31915.0,31999.0,31801.0,274
1743159600,31704.0,31809.0,31809.0,31610.0,481
1743163200,31600.0,31679.0,31737.0,31528.0,220
1743166800,31527.0,31584.0,31598.0,31456.0,639
1743170400,31607.0,31507.0,31716.0,31507.0,629
1743174000,31715.0,31621.0,31830.0,31572.0,786
1743177600,31714.0,31814.0,31820.0,31649.0,234
1743181200,31708.0,31726.0,31755.0,31651.0,145
1743184800,31683.0,31727.0,31747.0,31653.0,350
1743188400,31737.0,31675.0,31753.0,31669.0,51
1743192000,31698.0,31726.0,31726.0,31666.0,78
1743397200,31650.0,31650.0,31650.0,31650.0,11
1743400800,31801.0,31580.0,31802.0,31580.0,693
1743404400,31504.0,31799.0,32033.0,31504.0,879
1743408000,31545.0,31500.0,31780.0,31406.0,444
1743411600,31741.0,31537.0,31800.0,31525.0,224
1743415200,31770.0,31755.0,31866.0,31700.0,404
1743418800,31909.0,31831.0,31950.0,31806.0,305
1743422400,31908.0,31914.0,31936.0,31760.0,281
1743426000,31983.0,31900.0,32058.0,31856.0,380
1743429600,32253.0,32002.0,32254.0,31953.0,457
1743433200,32312.0,32252.0,32338.0,32204.0,260
1743436800,32213.0,32260.0,32260.0,32162.0,114
1743440400,32185.0,32206.0,32207.0,32170.0,70
1743444000,32184.0,32192.0,32206.0,32167.0,42
1743447600,32150.0,32181.0,32181.0,32150.0,40
1743451200,32148.0,32151.0,32159.0,32079.0,176
1743483600,32281.0,32281.0,32281.0,32281.0,7
1743487200,32299.0,32346.0,32500.0,32227.0,145
1743490800,32228.0,32310.0,32417.0,32205.0,474
1743494400,32197.0,32222.0,32227.0,32151.0,324
1743498000,32231.0,32186.0,32290.0,32128.0,148
1743501600,32019.0,32209.0,32216.0,32011.0,295
1743505200,31743.0,32036.0,32037.0,31654.0,851
1743508800,31660.0,31742.0,31800.0,31569.0,339
1743512400,31647.0,31742.0,31742.0,31520.0,254
1743516000,31836.0,31711.0,31903.0,31629.0,641
1743519600,31632.0,31813.0,31839.0,31632.0,142
1743523200,31530.0,31611.0,31628.0,31400.0,670
1743526800,31532.0,31502.0,31732.0,31489.0,867
1743530400,31409.0,31543.0,31616.0,31343.0,356
1743534000,31330.0,31416.0,31417.0,31278.0,115
1743537600,31320.0,31330.0,31345.0,31271.0,173
1743570000,31700.0,31700.0,31700.0,31700.0,6
1743573600,31385.0,31395.0,31432.0,31298.0,228
1743577200,31430.0,31368.0,31615.0,31283.0,539
1743580800,31315.0,31461.0,31527.0,31209.0,286
1743584400,31497.0,31295.0,31544.0,31293.0,172
1743588000,31615.0,31536.0,31639.0,31474.0,262
1743591600,31621.0,31643.0,31685.0,31435.0,381
1743595200,31583.0,31605.0,31649.0,31503.0,321
1743598800,31521.0,31606.0,31803.0,31521.0,628
1743602400,31598.0,31526.0,31742.0,31520.0,791
1743606000,31572.0,31586.0,31613.0,31543.0,127
1743609600,31467.0,31412.0,31552.0,31249.0,224
1743613200,31643.0,31583.0,31701.0,31583.0,28
1743616800,31690.0,31614.0,31759.0,31614.0,106
1743620400,31745.0,31696.0,31747.0,31683.0,45
1743624000,31703.0,31733.0,31752.0,31681.0,45
1743660000,31659.0,31755.0,31755.0,31580.0,88
1743663600,31502.0,31630.0,31669.0,31444.0,320
1743667200,31668.0,31508.0,31721.0,31508.0,90
1743670800,31748.0,31633.0,31794.0,31550.0,153
1743674400,31688.0,31748.0,31843.0,31619.0,596
1743678000,31540.0,31683.0,31684.0,31435.0,266
1743681600,31467.0,31506.0,31542.0,31414.0,270
1743685200,31120.0,31448.0,31475.0,31096.0,742
1743688800,31123.0,31121.0,31172.0,30985.0,742
1743692400,31012.0,31111.0,31164.0,30917.0,586
1743696000,30995.0,30958.0,31069.0,30726.0,373
1743699600,30977.0,31043.0,31059.0,30907.0,116
1743703200,31013.0,30953.0,31049.0,30894.0,41
1743706800,31074.0,31040.0,31074.0,30968.0,28
1743710400,31256.0,31032.0,31271.0,31004.0,153
1743746400,31197.0,31581.0,31698.0,31106.0,556
1743750000,31254.0,31210.0,31323.0,31092.0,237
1743753600,31025.0,31266.0,31266.0,31010.0,572
1743757200,30808.0,31045.0,31108.0,30732.0,470
1743760800,30403.0,30820.0,30848.0,30319.0,1125
1743764400,30399.0,30335.0,30462.0,30200.0,1011
1743768000,30329.0,30399.0,30491.0,30203.0,796
1743771600,30301.0,30319.0,30514.0,30301.0,402
1743775200,29965.0,30318.0,30474.0,29919.0,858
1743778800,29953.0,29952.0,30293.0,29904.0,732
1743782400,29655.0,29945.0,30068.0,29631.0,1728
1743786000,29693.0,29679.0,29807.0,29507.0,722
1743789600,29710.0,29734.0,29854.0,29520.0,288
1743793200,29695.0,29718.0,29784.0,29650.0,315
1743796800,29607.0,29645.0,29645.0,29543.0,210
1744002000,28815.0,28815.0,28815.0,28815.0,15
1744005600,28979.0,29000.0,29462.0,28624.0,1477
1744009200,29740.0,28967.0,29839.0,28821.0,2536
1744012800,29533.0,29736.0,29790.0,29512.0,1091
1744016400,29233.0,29533.0,29625.0,29233.0,696
1744020000,29454.0,29220.0,29523.0,29073.0,1290
1744023600,29395.0,29451.0,29630.0,29305.0,1365
1744027200,29192.0,29383.0,29400.0,29067.0,1828
1744030800,29454.0,29186.0,29473.0,28984.0,962
1744034400,29769.0,29451.0,30238.0,29367.0,4011
1744038000,29740.0,29783.0,29969.0,29592.0,1497
1744041600,29743.0,29779.0,29779.0,29502.0,361
1744045200,29786.0,29750.0,29862.0,29694.0,181
1744048800,29675.0,29845.0,29850.0,29675.0,160
1744052400,29688.0,29646.0,29688.0,29535.0,106
1744056000,29704.0,29651.0,29705.0,29633.0,164
1744088400,30000.0,30000.0,30000.0,30000.0,10
1744092000,30122.0,30000.0,30266.0,29915.0,1020
1744095600,29946.0,30080.0,30126.0,29800.0,871
1744099200,29889.0,29904.0,30033.0,29862.0,398
1744102800,29882.0,29812.0,29882.0,29662.0,311
1744106400,30037.0,29835.0,30088.0,29740.0,152
1744110000,30231.0,30076.0,30241.0,29995.0,258
1744113600,30209.0,30225.0,30242.0,30100.0,301
1744117200,30350.0,30222.0,30454.0,30214.0,465
1744120800,30258.0,30381.0,30384.0,30157.0,439
1744124400,30095.0,30257.0,30258.0,30003.0,402
1744128000,29516.0,30061.0,30152.0,29496.0,1091
1744131600,29706.0,29507.0,29800.0,29505.0,710
1744135200,29616.0,29709.0,29709.0,29580.0,277
1744138800,29348.0,29619.0,29620.0,29194.0,498
1744142400,29182.0,29350.0,29350.0,29165.0,120
1744178400,29527.0,29229.0,29617.0,29197.0,423
1744182000,29513.0,29564.0,29650.0,29293.0,814
1744185600,29482.0,29526.0,29635.0,29373.0,627
1744189200,29350.0,29431.0,29541.0,29336.0,1182
1744192800,29143.0,29339.0,29367.0,29001.0,1348
1744196400,28735.0,29040.0,29040.0,28559.0,2126
1744200000,29168.0,28750.0,29205.0,28704.0,2172
1744203600,29342.0,29169.0,29444.0,29137.0,1583
1744207200,29034.0,29362.0,29446.0,29034.0,596
1744210800,29358.0,29013.0,29420.0,29013.0,302
1744214400,29660.0,29358.0,29749.0,29356.0,700
1744218000,30307.0,29702.0,30366.0,29567.0,1369
1744221600,30150.0,30400.0,30439.0,30093.0,975
1744225200,30280.0,30159.0,30297.0,30134.0,194
1744228800,30303.0,30288.0,30327.0,30277.0,108
1744264800,30536.0,30379.0,30539.0,30229.0,731
1744268400,30598.0,30532.0,30718.0,30321.0,1797
1744272000,30303.0,30598.0,30662.0,30303.0,423
1744275600,30314.0,30300.0,30422.0,30250.0,902
1744279200,30297.0,30316.0,30443.0,30288.0,274
1744282800,30317.0,30301.0,30407.0,30195.0,321
1744286400,30288.0,30300.0,30517.0,30288.0,1381
1744290000,30045.0,30332.0,30404.0,30005.0,1125
1744293600,30029.0,30041.0,30219.0,29945.0,513
1744297200,30010.0,30044.0,30175.0,30000.0,571
1744300800,29910.0,29998.0,30035.0,29672.0,1425
1744304400,30120.0,29973.0,30147.0,29832.0,448
1744308000,30204.0,30125.0,30225.0,30036.0,181
1744311600,30132.0,30236.0,30275.0,30079.0,304
1744315200,30133.0,30136.0,30136.0,30098.0,27
1744351200,30603.0,30223.0,30691.0,30199.0,1170
1744354800,30633.0,30603.0,30724.0,30442.0,588
1744358400,30510.0,30633.0,30633.0,30432.0,518
1744362000,30667.0,30516.0,30713.0,30488.0,320
1744365600,30742.0,30668.0,30796.0,30611.0,434
1744369200,30641.0,30775.0,30870.0,30612.0,613
1744372800,30688.0,30710.0,30710.0,30527.0,297
1744376400,30543.0,30650.0,30650.0,30460.0,587
1744380000,30656.0,30539.0,30675.0,30508.0,223
1744383600,30725.0,30675.0,30782.0,30605.0,1724
1744387200,30741.0,30401.0,30782.0,30096.0,650
1744390800,30773.0,30710.0,30800.0,30708.0,376
1744394400,30779.0,30782.0,30848.0,30620.0,175
1744398000,30760.0,30728.0,30762.0,30700.0,59
1744401600,30785.0,30758.0,30792.0,30707.0,207
1744610400,30857.0,30747.0,30878.0,30665.0,869
1744614000,30727.0,30828.0,30892.0,30727.0,514
1744617600,30870.0,30744.0,30926.0,30648.0,726
1744621200,30784.0,30843.0,30853.0,30709.0,67
1744624800,30783.0,30785.0,30918.0,30775.0,187
1744628400,30717.0,30783.0,30790.0,30684.0,193
1744632000,30459.0,30717.0,30717.0,30434.0,408
1744635600,30221.0,30445.0,30471.0,30200.0,356
1744639200,30492.0,30210.0,30565.0,30201.0,479
1744642800,30431.0,30516.0,30534.0,30379.0,418
1744646400,30371.0,30402.0,30411.0,30339.0,42
1744650000,30263.0,30345.0,30355.0,30221.0,234
1744653600,30445.0,30235.0,30445.0,30214.0,73
1744657200,30360.0,30379.0,30379.0,30317.0,50
1744660800,30421.0,30357.0,30421.0,30326.0,45
1744696800,30530.0,30384.0,30590.0,30323.0,167
1744700400,30667.0,30532.0,30807.0,30532.0,1553
1744704000,30654.0,30678.0,30690.0,30558.0,306
1744707600,30634.0,30686.0,30776.0,30634.0,211
1744711200,30538.0,30621.0,30621.0,30495.0,121
1744714800,30547.0,30525.0,30559.0,30425.0,196
1744718400,30624.0,30566.0,30683.0,30447.0,220
1744722000,30593.0,30662.0,30692.0,30570.0,92
1744725600,30614.0,30625.0,30727.0,30519.0,146
1744729200,30476.0,30609.0,30609.0,30475.0,65
1744732800,30528.0,30456.0,30566.0,30418.0,67
1744736400,30553.0,30495.0,30590.0,30495.0,52
1744740000,30578.0,30554.0,30578.0,30535.0,27
1744743600,30586.0,30600.0,30600.0,30556.0,12
1744747200,30555.0,30573.0,30591.0,30543.0,42
1744783200,30317.0,30543.0,30543.0,30317.0,224
1744786800,30386.0,30327.0,30400.0,30307.0,133
1744790400,30502.0,30388.0,30596.0,30303.0,684
1744794000,30541.0,30499.0,30692.0,30499.0,578
1744797600,30584.0,30550.0,30660.0,30550.0,146
1744801200,30633.0,30588.0,30674.0,30526.0,50
1744804800,30627.0,30633.0,30649.0,30542.0,357
1744808400,30861.0,30599.0,30867.0,30570.0,686
1744812000,31028.0,30867.0,31092.0,30806.0,2031
1744815600,31038.0,31039.0,31115.0,31008.0,479
1744819200,31000.0,31037.0,31037.0,30903.0,98
1744822800,30830.0,30988.0,30988.0,30819.0,490
1744826400,30877.0,30840.0,30921.0,30810.0,96
1744830000,30846.0,30855.0,30876.0,30835.0,117
1744833600,30810.0,30852.0,30905.0,30810.0,54
1744869600,30928.0,31025.0,31025.0,30902.0,80
1744873200,30912.0,30867.0,30994.0,30831.0,546
1744876800,30909.0,30912.0,30946.0,30846.0,333
1744880400,30824.0,30932.0,30932.0,30808.0,275
1744884000,30867.0,30835.0,30896.0,30824.0,231
1744887600,30975.0,30827.0,30991.0,30827.0,492
1744891200,31098.0,30979.0,31165.0,30978.0,755
1744894800,31010.0,31120.0,31158.0,30996.0,197
1744898400,30775.0,31013.0,31014.0,30739.0,742
1744902000,30894.0,30769.0,30920.0,30710.0,400
1744905600,30800.0,30838.0,30847.0,30795.0,103
1744909200,31153.0,30831.0,31153.0,30831.0,153
1744912800,31150.0,31112.0,31239.0,31066.0,244
1744916400,31096.0,31155.0,31173.0,31073.0,96
1744920000,31152.0,31115.0,31207.0,31115.0,175
1744956000,30956.0,30909.0,31028.0,30909.0,375
1744959600,30978.0,30974.0,31061.0,30834.0,1653
1744963200,30762.0,30974.0,30974.0,30738.0,360
1744966800,30481.0,30762.0,30803.0,30469.0,693
1744970400,30359.0,30468.0,30545.0,30284.0,827
1744974000,30403.0,30356.0,30522.0,30277.0,762
1744977600,30349.0,30387.0,30484.0,30325.0,328
1744981200,30585.0,30353.0,30707.0,30353.0,922
1744984800,30662.0,30648.0,30747.0,30579.0,459
1744988400,30793.0,30662.0,30793.0,30652.0,134
1744992000,30769.0,30734.0,30769.0,30645.0,74
1744995600,30655.0,30809.0,30838.0,30617.0,103
1744999200,30689.0,30656.0,30737.0,30656.0,44
1745002800,30699.0,30705.0,30732.0,30676.0,35
1745006400,30633.0,30699.0,30711.0,30633.0,40
1745215200,30900.0,30871.0,30904.0,30782.0,266
1745218800,30991.0,30893.0,31052.0,30867.0,561
1745222400,31223.0,31000.0,31223.0,31000.0,373
1745226000,31245.0,31217.0,31345.0,31209.0,1047
1745229600,31293.0,31256.0,31352.0,31219.0,265
1745233200,31462.0,31325.0,31465.0,31325.0,512
1745236800,31394.0,31465.0,31528.0,31378.0,575
1745240400,31232.0,31396.0,31415.0,31232.0,220
1745244000,31405.0,31268.0,31425.0,31268.0,175
1745247600,31464.0,31424.0,31464.0,31345.0,304
1745251200,31540.0,31473.0,31552.0,31442.0,189
1745254800,31421.0,31506.0,31537.0,31421.0,166
1745258400,31454.0,31403.0,31454.0,31390.0,30
1745262000,31395.0,31441.0,31446.0,31395.0,58
1745265600,31476.0,31387.0,31476.0,31379.0,39
1745301600,31563.0,31500.0,31567.0,31445.0,617
1745305200,31423.0,31543.0,31584.0,31418.0,946
1745308800,31358.0,31404.0,31404.0,31262.0,238
1745312400,31213.0,31330.0,31349.0,31187.0,322
1745316000,31466.0,31212.0,31633.0,31182.0,4986
1745319600,31578.0,31614.0,31714.0,31503.0,804
1745323200,31630.0,31518.0,31667.0,31514.0,263
1745326800,31800.0,31637.0,31800.0,31637.0,539
1745330400,31857.0,31819.0,31894.0,31749.0,844
1745334000,31924.0,31842.0,31924.0,31810.0,150
1745337600,31950.0,31924.0,32081.0,31910.0,343
1745341200,32194.0,31950.0,32300.0,31857.0,777
1745344800,32209.0,32218.0,32365.0,32143.0,494
1745348400,32147.0,32211.0,32212.0,32100.0,95
1745352000,32145.0,32127.0,32150.0,32062.0,155
1745388000,31855.0,32018.0,32019.0,31713.0,668
1745391600,31493.0,31802.0,31864.0,31417.0,720
1745395200,31637.0,31513.0,31658.0,31502.0,256
1745398800,31737.0,31637.0,31744.0,31526.0,326
1745402400,31872.0,31696.0,31926.0,31671.0,541
1745406000,31901.0,31887.0,31974.0,31823.0,232
1745409600,31884.0,31848.0,31884.0,31708.0,257
1745413200,31771.0,31839.0,31908.0,31700.0,193
1745416800,31914.0,31808.0,31914.0,31706.0,243
1745420400,31960.0,31912.0,31960.0,31835.0,154
1745424000,32009.0,31961.0,32084.0,31800.0,147
1745427600,32003.0,32009.0,32146.0,31937.0,145
1745431200,31899.0,32035.0,32039.0,31873.0,98
1745434800,31841.0,31844.0,31927.0,31841.0,80
1745438400,31874.0,31804.0,31882.0,31766.0,32
1745470800,31800.0,31800.0,31800.0,31800.0,1
1745474400,31991.0,31800.0,32028.0,31800.0,249
1745478000,32038.0,31996.0,32096.0,31937.0,1448
1745481600,32113.0,32051.0,32118.0,31951.0,212
1745485200,32149.0,32114.0,32149.0,32020.0,382
1745488800,32089.0,32132.0,32132.0,32053.0,94
1745492400,31963.0,32041.0,32069.0,31950.0,153
1745496000,32052.0,31980.0,32083.0,31950.0,714
1745499600,31867.0,32035.0,32045.0,31847.0,246
1745503200,31874.0,31876.0,31891.0,31766.0,327
1745506800,31846.0,31915.0,31915.0,31814.0,127
1745510400,31922.0,31856.0,31922.0,31856.0,24
1745514000,31820.0,31900.0,31935.0,31807.0,42
1745517600,31811.0,31830.0,31870.0,31766.0,195
1745521200,31837.0,31835.0,31837.0,31810.0,16
1745524800,31861.0,31849.0,31880.0,31849.0,32
1745557200,32000.0,32000.0,32000.0,32000.0,5
1745560800,32052.0,31969.0,32055.0,31929.0,201
1745564400,32120.0,32064.0,32182.0,31997.0,467
1745568000,32035.0,32078.0,32087.0,32006.0,275
1745571600,32086.0,32036.0,32150.0,31983.0,550
1745575200,32147.0,32087.0,32168.0,31969.0,1494
1745578800,32223.0,32155.0,32277.0,32126.0,1052
1745582400,32254.0,32226.0,32281.0,32173.0,880
1745586000,32259.0,32272.0,32283.0,32195.0,278
1745589600,32472.0,32255.0,32526.0,32237.0,797
1745593200,32344.0,32470.0,32476.0,32261.0,1294
1745596800,32265.0,32335.0,32362.0,32259.0,172
1745600400,32262.0,32280.0,32346.0,32226.0,126
1745604000,32378.0,32258.0,32378.0,32258.0,90
1745607600,32350.0,32366.0,32411.0,32345.0,178
1745611200,32420.0,32369.0,32420.0,32369.0,38
1745820000,32471.0,32418.0,32471.0,32328.0,279
1745823600,32344.0,32477.0,32477.0,32230.0,429
1745827200,32265.0,32346.0,32403.0,32265.0,161
1745830800,32278.0,32250.0,32332.0,32227.0,167
1745834400,32394.0,32245.0,32480.0,32148.0,737
1745838000,32648.0,32408.0,32770.0,32347.0,1675
1745841600,32560.0,32647.0,32680.0,32458.0,471
1745845200,32510.0,32504.0,32596.0,32478.0,113
1745848800,32589.0,32525.0,32615.0,32519.0,454
1745852400,32580.0,32585.0,32609.0,32532.0,316
1745859600,32359.0,32505.0,32505.0,32280.0,314
1745863200,32161.0,32346.0,32348.0,32161.0,117
1745866800,32184.0,32147.0,32205.0,32111.0,199
1745870400,32228.0,32196.0,32228.0,32196.0,33
1745906400,32172.0,32245.0,32245.0,32058.0,378
1745910000,32091.0,32142.0,32158.0,32030.0,516
1745913600,32147.0,32079.0,32187.0,32031.0,321
1745917200,31886.0,32084.0,32084.0,31835.0,888
1745920800,31970.0,31857.0,31985.0,31798.0,719
1745924400,31886.0,31975.0,31975.0,31800.0,247
1745928000,31937.0,31874.0,31984.0,31860.0,147
1745931600,31977.0,31945.0,32080.0,31929.0,278
1745935200,31798.0,31963.0,32014.0,31798.0,174
1745938800,31744.0,31772.0,31798.0,31686.0,561
1745942400,31550.0,31783.0,31783.0,31502.0,520
1745946000,31659.0,31624.0,31674.0,31528.0,200
1745949600,31610.0,31649.0,31663.0,31601.0,73
1745953200,31687.0,31600.0,31708.0,31600.0,92
1745956800,31724.0,31685.0,31724.0,31685.0,20
1745992800,31564.0,31597.0,31659.0,31491.0,582
1745996400,31501.0,31538.0,31538.0,31372.0,577
1746000000,31260.0,31475.0,31475.0,31185.0,762
1746003600,31210.0,31236.0,31285.0,31051.0,699
1746007200,31277.0,31209.0,31348.0,31164.0,383
1746010800,31430.0,31332.0,31450.0,31294.0,179
1746014400,31438.0,31453.0,31632.0,31388.0,483
1746018000,31339.0,31406.0,31529.0,31276.0,185
1746021600,31485.0,31358.0,31564.0,31331.0,314
1746025200,31401.0,31512.0,31524.0,31401.0,81
1746028800,31278.0,31381.0,31381.0,31223.0,173
1746032400,31400.0,31276.0,31424.0,31276.0,125
1746036000,31380.0,31395.0,31395.0,31340.0,13
1746039600,31560.0,31399.0,31564.0,31393.0,110
1746043200,31549.0,31563.0,31672.0,31507.0,1057
1746162000,31250.0,31250.0,31250.0,31250.0,1
1746165600,31171.0,31250.0,31288.0,31032.0,743
1746169200,30975.0,31109.0,31132.0,30949.0,461
1746172800,31052.0,30957.0,31089.0,30930.0,164
1746176400,31025.0,31049.0,31085.0,30949.0,219
1746180000,31111.0,31025.0,31111.0,31023.0,274
1746183600,31080.0,31081.0,31160.0,31064.0,81
1746187200,31012.0,31116.0,31131.0,30979.0,118
1746190800,30987.0,31001.0,31072.0,30987.0,96
1746194400,30908.0,30974.0,31018.0,30905.0,173
1746198000,30767.0,30908.0,30908.0,30736.0,249
1746201600,30807.0,30766.0,30830.0,30717.0,319
1746205200,30685.0,30792.0,30792.0,30667.0,130
1746208800,30708.0,30681.0,30793.0,30666.0,136
1746212400,30680.0,30712.0,30722.0,30642.0,28
1746216000,30610.0,30631.0,30746.0,30583.0,275
1746424800,30678.0,30822.0,30894.0,30635.0,386
1746428400,30531.0,30678.0,30786.0,30530.0,445
1746432000,30420.0,30518.0,30538.0,30380.0,276
1746435600,30527.0,30420.0,30623.0,30388.0,180
1746439200,30311.0,30529.0,30625.0,30289.0,425
1746442800,30297.0,30304.0,30316.0,30219.0,317
1746446400,30328.0,30309.0,30364.0,30218.0,328
1746450000,30181.0,30288.0,30316.0,30144.0,248
1746453600,30001.0,30181.0,30190.0,29914.0,689
1746457200,29953.0,29920.0,29971.0,29829.0,386
1746460800,29900.0,29917.0,29977.0,29828.0,256
1746464400,30150.0,29968.0,30150.0,29951.0,129
1746468000,30115.0,30151.0,30170.0,30047.0,279
1746471600,30146.0,30091.0,30164.0,30039.0,521
1746475200,30125.0,30059.0,30125.0,30043.0,39
1746511200,29985.0,30110.0,30110.0,29821.0,345
1746514800,30373.0,29998.0,30458.0,29911.0,1364
1746518400,30475.0,30370.0,30546.0,30353.0,446
1746522000,30480.0,30484.0,30587.0,30477.0,325
1746525600,30299.0,30464.0,30499.0,30297.0,289
1746529200,30383.0,30335.0,30435.0,30335.0,202
1746532800,30604.0,30417.0,30609.0,30417.0,421
1746536400,30803.0,30604.0,30844.0,30604.0,675
1746540000,30909.0,30796.0,30925.0,30734.0,813
1746543600,30999.0,30927.0,31029.0,30927.0,384
1746547200,30993.0,30916.0,31084.0,30916.0,325
1746550800,31017.0,30997.0,31064.0,30988.0,61
1746554400,31057.0,31050.0,31094.0,31005.0,170
1746558000,30975.0,31057.0,31100.0,30975.0,52
1746561600,30788.0,30965.0,30980.0,30772.0,255
1746597600,30760.0,30926.0,30938.0,30742.0,135
1746601200,30784.0,30744.0,30860.0,30633.0,320
1746604800,30938.0,30784.0,30957.0,30700.0,292
1746608400,30890.0,30961.0,30961.0,30844.0,147
1746612000,30903.0,30857.0,30939.0,30794.0,208
1746615600,31040.0,30920.0,31040.0,30884.0,142
1746619200,31017.0,31044.0,31075.0,30920.0,451
1746622800,30821.0,30993.0,31027.0,30762.0,584
1746626400,31059.0,30806.0,31131.0,30768.0,553
1746630000,31006.0,31060.0,31060.0,30949.0,38
1746633600,30963.0,31114.0,31115.0,30951.0,29
1746637200,30900.0,30981.0,30989.0,30900.0,40
1746640800,30926.0,30840.0,30942.0,30801.0,46
1746644400,30893.0,30903.0,30975.0,30893.0,70
1746648000,30971.0,30879.0,30971.0,30871.0,49
1746684000,31130.0,31033.0,31193.0,31033.0,444
1746687600,31097.0,31118.0,31174.0,31061.0,141
1746691200,31165.0,31096.0,31166.0,31059.0,90
1746694800,31125.0,31151.0,31174.0,31095.0,222
1746698400,31073.0,31124.0,31150.0,31041.0,144
1746702000,30933.0,31056.0,31070.0,30870.0,310
1746705600,30753.0,30933.0,30933.0,30611.0,1233
1746709200,30753.0,30790.0,30959.0,30753.0,222
1746712800,30773.0,30761.0,30839.0,30761.0,106
1746716400,30755.0,30786.0,30803.0,30725.0,41
1746720000,30764.0,30724.0,30819.0,30688.0,137
1746723600,30859.0,30789.0,30859.0,30789.0,29
1746727200,30805.0,30828.0,30828.0,30758.0,27
1746730800,30770.0,30802.0,30849.0,30770.0,126
1746734400,30809.0,30785.0,30830.0,30785.0,161
1747029600,31487.0,31358.0,31502.0,31279.0,805
1747033200,31613.0,31499.0,31683.0,31487.0,1410
1747036800,31517.0,31651.0,31651.0,31452.0,177
1747040400,31518.0,31523.0,31547.0,31471.0,202
1747044000,31482.0,31500.0,31507.0,31407.0,157
1747047600,31537.0,31509.0,31629.0,31509.0,264
1747051200,31557.0,31578.0,31593.0,31524.0,133
1747054800,31397.0,31574.0,31600.0,31376.0,388
1747058400,31595.0,31408.0,31633.0,31360.0,426
1747062000,31615.0,31561.0,31637.0,31545.0,131
1747065600,31560.0,31615.0,31615.0,31543.0,72
1747069200,31570.0,31560.0,31596.0,31544.0,60
1747072800,31532.0,31565.0,31565.0,31532.0,5
1747076400,31520.0,31537.0,31537.0,31520.0,2
1747080000,31590.0,31528.0,31590.0,31528.0,166
1747112400,31988.0,31988.0,31988.0,31988.0,1
1747116000,31707.0,31781.0,31781.0,31589.0,286
1747119600,31687.0,31707.0,31728.0,31632.0,135
1747123200,31513.0,31698.0,31718.0,31513.0,286
1747126800,31600.0,31500.0,31627.0,31465.0,178
1747130400,31575.0,31602.0,31612.0,31561.0,28
1747134000,31511.0,31518.0,31546.0,31500.0,126
1747137600,31570.0,31511.0,31621.0,31507.0,184
1747141200,31734.0,31577.0,31739.0,31576.0,371
1747144800,31712.0,31734.0,31734.0,31657.0,98
1747148400,31734.0,31654.0,31734.0,31619.0,160
1747152000,31658.0,31734.0,31734.0,31634.0,52
1747155600,31622.0,31664.0,31665.0,31622.0,29
1747159200,31624.0,31623.0,31638.0,31621.0,58
1747162800,31638.0,31613.0,31638.0,31606.0,47
1747166400,31658.0,31620.0,31698.0,31615.0,191
1747202400,31552.0,31617.0,31617.0,31534.0,30
1747206000,31524.0,31535.0,31572.0,31444.0,435
1747209600,31566.0,31526.0,31630.0,31496.0,192
1747213200,31587.0,31557.0,31608.0,31532.0,25
1747216800,31599.0,31620.0,31621.0,31545.0,24
1747220400,31638.0,31617.0,31700.0,31590.0,92
1747224000,31694.0,31686.0,31733.0,31679.0,248
1747227600,31709.0,31690.0,31846.0,31645.0,658
1747231200,31610.0,31731.0,31749.0,31610.0,326
1747234800,31609.0,31617.0,31651.0,31600.0,60
1747238400,31619.0,31644.0,31671.0,31547.0,222
1747242000,31589.0,31599.0,31618.0,31589.0,143
1747245600,31550.0,31575.0,31575.0,31500.0,140
1747249200,31316.0,31536.0,31555.0,31261.0,164
1747252800,30958.0,31294.0,31294.0,30910.0,955
1747285200,31150.0,31001.0,31150.0,31001.0,3
1747288800,31155.0,31151.0,31256.0,31096.0,268
1747292400,30820.0,31110.0,31110.0,30800.0,1174
1747296000,30880.0,30816.0,30939.0,30790.0,538
1747299600,30618.0,30842.0,30850.0,30550.0,1133
1747303200,30664.0,30629.0,30680.0,30546.0,391
1747306800,30774.0,30667.0,30783.0,30563.0,357
1747310400,30839.0,30768.0,30926.0,30718.0,304
1747314000,30872.0,30856.0,30942.0,30614.0,565
1747317600,30815.0,30874.0,30996.0,30775.0,338
1747321200,30710.0,30803.0,30803.0,30710.0,83
1747324800,30848.0,30768.0,30894.0,30744.0,83
1747328400,30891.0,30799.0,30921.0,30799.0,40
1747332000,30890.0,30890.0,30890.0,30890.0,30
1747335600,30873.0,30840.0,30873.0,30840.0,38
1747339200,30890.0,30872.0,30890.0,30872.0,16
1747375200,30837.0,30946.0,30963.0,30766.0,104
1747378800,30890.0,30798.0,30908.0,30789.0,77
1747382400,31014.0,30909.0,31015.0,30905.0,261
1747386000,31079.0,30997.0,31080.0,30969.0,69
1747389600,30838.0,31051.0,31051.0,30808.0,249
1747393200,30849.0,30760.0,30880.0,30690.0,328
1747396800,30380.0,30867.0,30909.0,30355.0,1947
1747400400,31199.0,30352.0,31320.0,30124.0,1865
1747404000,31064.0,31189.0,31298.0,30977.0,547
1747407600,31072.0,31042.0,31154.0,31018.0,134
1747411200,31045.0,31005.0,31046.0,30951.0,22
1747414800,31057.0,31115.0,31142.0,31030.0,61
1747418400,31017.0,31039.0,31069.0,31017.0,66
1747422000,31012.0,31001.0,31012.0,31001.0,14
1747425600,31080.0,31075.0,31121.0,31046.0,69
1747634400,31298.0,31235.0,31316.0,31159.0,466
1747638000,31261.0,31295.0,31441.0,31229.0,907
1747641600,31307.0,31271.0,31318.0,31255.0,117
1747645200,31333.0,31311.0,31381.0,31283.0,240
1747648800,31412.0,31350.0,31412.0,31311.0,408
1747652400,31490.0,31415.0,31504.0,31407.0,496
1747656000,31450.0,31490.0,31544.0,31450.0,223
1747659600,31336.0,31471.0,31488.0,31336.0,328
1747663200,31474.0,31328.0,31490.0,31277.0,326
1747666800,31578.0,31474.0,31620.0,31474.0,404
1747670400,31358.0,31554.0,31729.0,31067.0,1197
1747674000,31382.0,31340.0,31516.0,31262.0,268
1747677600,31274.0,31404.0,31427.0,31231.0,44
1747681200,31259.0,31235.0,31303.0,31200.0,62
1747684800,31283.0,31235.0,31286.0,31223.0,12
1747720800,31300.0,31338.0,31372.0,31290.0,109
1747724400,31141.0,31289.0,31289.0,31135.0,304
1747728000,31170.0,31120.0,31211.0,31110.0,110
1747731600,31201.0,31151.0,31242.0,31111.0,250
1747735200,31132.0,31196.0,31196.0,31071.0,167
1747738800,31156.0,31152.0,31191.0,31132.0,93
1747742400,31118.0,31111.0,31118.0,31094.0,31
1747746000,31075.0,31086.0,31107.0,31052.0,35
1747749600,31123.0,31086.0,31123.0,31070.0,43
1747753200,30940.0,31064.0,31064.0,30930.0,222
1747756800,30885.0,30983.0,30983.0,30866.0,85
1747760400,30987.0,30893.0,30987.0,30883.0,49
1747764000,30978.0,30978.0,30978.0,30978.0,2
1747767600,30987.0,30986.0,30987.0,30970.0,6
1747771200,31040.0,30992.0,31040.0,30988.0,108
1747807200,30952.0,31062.0,31079.0,30914.0,96
1747810800,30830.0,30938.0,31000.0,30810.0,172
1747814400,30962.0,30829.0,30962.0,30829.0,156
1747818000,30884.0,30867.0,30913.0,30855.0,70
1747821600,30912.0,30899.0,30954.0,30873.0,81
1747825200,31050.0,30922.0,31086.0,30902.0,229
1747828800,30965.0,31077.0,31077.0,30965.0,38
1747832400,30945.0,30960.0,30986.0,30901.0,153
1747836000,30931.0,30944.0,30944.0,30838.0,70
1747839600,30740.0,30961.0,30976.0,30678.0,660
1747843200,30772.0,30773.0,30796.0,30745.0,26
1747846800,30750.0,30779.0,30808.0,30750.0,53
1747850400,30757.0,30760.0,30760.0,30748.0,20
1747854000,30786.0,30737.0,30786.0,30723.0,20
1747857600,30771.0,30799.0,30813.0,30771.0,10
1747893600,30628.0,30670.0,30740.0,30532.0,357
1747897200,30475.0,30613.0,30629.0,30475.0,282
1747900800,30406.0,30465.0,30465.0,30365.0,289
1747904400,30427.0,30383.0,30440.0,30305.0,157
1747908000,30487.0,30421.0,30580.0,30417.0,140
1747911600,30498.0,30506.0,30606.0,30496.0,176
1747915200,30665.0,30477.0,30797.0,30379.0,439
1747918800,30670.0,30668.0,30723.0,30536.0,191
1747922400,30813.0,30659.0,30926.0,30632.0,925
1747926000,30795.0,30817.0,30876.0,30764.0,184
1747929600,30634.0,30696.0,30696.0,30436.0,528
1747933200,30621.0,30584.0,30621.0,30561.0,26
1747936800,30574.0,30614.0,30626.0,30561.0,63
1747940400,30597.0,30588.0,30623.0,30588.0,56
1747944000,30633.0,30589.0,30633.0,30589.0,23
1747980000,30576.0,30588.0,30589.0,30482.0,330
1747983600,30511.0,30558.0,30558.0,30409.0,272
1747987200,30518.0,30490.0,30549.0,30453.0,63
1747990800,30627.0,30516.0,30627.0,30501.0,175
1747994400,30754.0,30644.0,30759.0,30641.0,208
1747998000,30550.0,30724.0,30740.0,30550.0,247
1748001600,30430.0,30550.0,30550.0,30430.0,120
1748005200,30495.0,30438.0,30538.0,30437.0,91
1748008800,30573.0,30537.0,30616.0,30534.0,92
1748012400,30443.0,30565.0,30568.0,30443.0,79
1748016000,30482.0,30524.0,30524.0,30479.0,27
1748019600,30479.0,30496.0,30516.0,30475.0,9
1748023200,30507.0,30507.0,30507.0,30507.0,4
1748026800,30529.0,30537.0,30571.0,30529.0,214
1748030400,30478.0,30507.0,30528.0,30478.0,27
1748235600,30450.0,30450.0,30450.0,30450.0,1
1748239200,30188.0,30390.0,30390.0,30136.0,184
1748242800,30015.0,30164.0,30192.0,29990.0,428
1748246400,30034.0,30010.0,30098.0,30010.0,225
1748250000,29970.0,30023.0,30128.0,29967.0,287
1748253600,29998.0,29977.0,30025.0,29920.0,122
1748257200,29878.0,30024.0,30039.0,29875.0,185
1748260800,29927.0,29866.0,30009.0,29866.0,105
1748264400,29967.0,29969.0,29969.0,29967.0,17
1748268000,30017.0,29904.0,30108.0,29895.0,310
1748271600,29969.0,30050.0,30050.0,29935.0,50
1748275200,29972.0,29959.0,30009.0,29910.0,35
1748278800,30023.0,29976.0,30043.0,29974.0,163
1748282400,30017.0,30030.0,30038.0,30003.0,27
1748286000,30049.0,30085.0,30090.0,30020.0,258
1748289600,30087.0,30079.0,30089.0,30052.0,43
1748322000,30069.0,30069.0,30069.0,30069.0,1
1748325600,30128.0,29865.0,30128.0,29700.0,518
1748329200,30128.0,30174.0,30195.0,30057.0,332
1748332800,30204.0,30134.0,30254.0,30066.0,300
1748336400,30195.0,30231.0,30231.0,30158.0,87
1748340000,30163.0,30203.0,30210.0,30163.0,14
1748343600,30163.0,30118.0,30163.0,30074.0,68
1748347200,30090.0,30165.0,30211.0,30040.0,162
1748350800,30063.0,30055.0,30066.0,29961.0,277
1748354400,30193.0,30083.0,30241.0,30075.0,102
1748358000,30252.0,30209.0,30280.0,30177.0,343
1748361600,30212.0,30212.0,30212.0,30161.0,37
1748365200,30160.0,30163.0,30164.0,30160.0,6
1748368800,30205.0,30208.0,30239.0,30205.0,26
1748372400,30194.0,30187.0,30194.0,30187.0,29
1748376000,30156.0,30190.0,30190.0,30141.0,14
1748412000,30287.0,30288.0,30295.0,30205.0,162
1748415600,30497.0,30287.0,30536.0,30245.0,605
1748419200,30497.0,30530.0,30575.0,30453.0,250
1748422800,30711.0,30507.0,30718.0,30506.0,873
1748426400,30761.0,30711.0,30800.0,30670.0,421
1748430000,30661.0,30752.0,30900.0,30634.0,465
1748433600,30982.0,30687.0,31020.0,30683.0,428
1748437200,31004.0,30981.0,31030.0,30961.0,326
1748440800,30950.0,31007.0,31014.0,30909.0,331
1748444400,30879.0,30961.0,30971.0,30851.0,109
1748448000,31028.0,30919.0,31101.0,30887.0,367
1748451600,30998.0,31007.0,31030.0,30989.0,34
1748455200,31036.0,31029.0,31089.0,31029.0,26
1748458800,31059.0,31014.0,31070.0,31003.0,58
1748462400,31086.0,31060.0,31086.0,31028.0,21
1748498400,30987.0,31043.0,31043.0,30929.0,170
1748502000,30813.0,30960.0,30960.0,30813.0,423
1748505600,30976.0,30805.0,31035.0,30789.0,323
1748509200,30977.0,30971.0,31026.0,30968.0,138
1748512800,31145.0,30998.0,31156.0,30998.0,434
1748516400,31157.0,31131.0,31160.0,31118.0,102
1748520000,31039.0,31160.0,31209.0,31000.0,408
1748523600,30989.0,31070.0,31070.0,30885.0,389
1748527200,30990.0,30970.0,31028.0,30904.0,489
1748530800,30904.0,31012.0,31071.0,30897.0,336
1748534400,30922.0,30905.0,30922.0,30814.0,73
1748538000,30891.0,30864.0,30891.0,30821.0,52
1748541600,30864.0,30858.0,30866.0,30839.0,89
1748545200,30864.0,30895.0,30895.0,30863.0,37
1748548800,30891.0,30891.0,30891.0,30891.0,1
1748581200,30895.0,30895.0,30895.0,30895.0,4
1748584800,30960.0,30905.0,31000.0,30904.0,430
1748588400,30866.0,30990.0,31018.0,30866.0,164
1748592000,30824.0,30854.0,30889.0,30741.0,346
1748595600,31089.0,30803.0,31145.0,30803.0,614
1748599200,31125.0,31101.0,31206.0,31091.0,526
1748602800,31116.0,31119.0,31200.0,31080.0,219
1748606400,31063.0,31093.0,31130.0,31049.0,144
1748610000,31048.0,31131.0,31175.0,31048.0,142
1748613600,31011.0,31075.0,31075.0,31002.0,183
1748617200,31040.0,31002.0,31058.0,30974.0,169
1748620800,31028.0,31064.0,31076.0,31017.0,74
1748624400,31052.0,31036.0,31056.0,30999.0,280
1748628000,31033.0,31053.0,31076.0,31033.0,29
1748631600,31044.0,31013.0,31044.0,31013.0,4
1748635200,31059.0,31034.0,31059.0,31034.0,48
1748840400,30795.0,30795.0,30795.0,30795.0,10
1748844000,30758.0,30663.0,30834.0,30401.0,434
1748847600,30704.0,30763.0,30763.0,30543.0,1366
1748851200,30700.0,30696.0,30700.0,30662.0,56
1748854800,30650.0,30701.0,30750.0,30630.0,291
1748858400,30675.0,30648.0,30693.0,30611.0,148
1748862000,30617.0,30661.0,30683.0,30469.0,413
1748865600,30550.0,30615.0,30707.0,30550.0,260
1748869200,30608.0,30559.0,30660.0,30446.0,154
1748872800,30921.0,30582.0,30994.0,30577.0,343
1748876400,31295.0,30950.0,31319.0,30915.0,1697
1748880000,31122.0,31290.0,31336.0,31120.0,438
1748883600,31066.0,31115.0,31143.0,31053.0,173
1748887200,31055.0,31062.0,31177.0,31055.0,85
1748890800,31089.0,31119.0,31119.0,31089.0,18
1748894400,31083.0,31102.0,31102.0,31067.0,41
1748930400,31269.0,31165.0,31470.0,31133.0,200
1748934000,31559.0,31273.0,31567.0,31192.0,836
1748937600,31543.0,31573.0,31588.0,31529.0,231
1748941200,31588.0,31542.0,31637.0,31542.0,458
1748944800,31519.0,31586.0,31594.0,31447.0,466
1748948400,31490.0,31541.0,31545.0,31490.0,104
1748952000,31410.0,31511.0,31511.0,31410.0,299
1748955600,31453.0,31410.0,31479.0,31316.0,434
1748959200,31492.0,31448.0,31543.0,31434.0,200
1748962800,31484.0,31514.0,31564.0,31484.0,203
1748966400,31493.0,31491.0,31569.0,31456.0,41
1748970000,31582.0,31522.0,31584.0,31515.0,37
1748973600,31588.0,31583.0,31608.0,31570.0,184
1748977200,31418.0,31541.0,31541.0,31367.0,316
1748980800,31468.0,31440.0,31468.0,31439.0,32
1749016800,31579.0,31446.0,31585.0,31408.0,240
1749020400,31766.0,31580.0,31810.0,31539.0,1007
1749024000,31808.0,31780.0,31928.0,31748.0,798
1749027600,31847.0,31804.0,31853.0,31781.0,166
1749031200,31866.0,31870.0,31893.0,31838.0,170
1749034800,31837.0,31838.0,31840.0,31778.0,123
1749038400,31703.0,31838.0,31888.0,31685.0,777
1749042000,31857.0,31711.0,31873.0,31664.0,379
1749045600,31547.0,31857.0,31867.0,31279.0,1757
1749049200,31543.0,31498.0,31570.0,31365.0,497
1749052800,31653.0,31545.0,31797.0,31446.0,121
1749056400,31634.0,31662.0,31733.0,31614.0,77
1749060000,31502.0,31626.0,31626.0,31492.0,101
1749063600,31454.0,31478.0,31510.0,31399.0,145
1749067200,31433.0,31461.0,31461.0,31433.0,2
1749103200,31819.0,31589.0,31819.0,31502.0,281
1749106800,31685.0,31790.0,31816.0,31665.0,243
1749110400,31717.0,31663.0,31740.0,31570.0,339
1749114000,31715.0,31710.0,31814.0,31707.0,261
1749117600,31800.0,31710.0,31816.0,31692.0,165
1749121200,31826.0,31798.0,31883.0,31773.0,199
1749124800,31836.0,31832.0,31894.0,31819.0,88
1749128400,31871.0,31816.0,31900.0,31780.0,533
1749132000,31835.0,31836.0,31900.0,31835.0,341
1749135600,31800.0,31817.0,31844.0,31800.0,111
1749139200,31757.0,31810.0,31810.0,31736.0,96
1749142800,31795.0,31766.0,31795.0,31750.0,182
1749146400,31730.0,31751.0,31751.0,31684.0,83
1749150000,31829.0,31739.0,31829.0,31739.0,34
1749153600,31830.0,31850.0,31864.0,31830.0,75
1749189600,31890.0,31900.0,31932.0,31879.0,215
1749193200,32089.0,31900.0,32221.0,31878.0,1186
1749196800,32046.0,32108.0,32125.0,31976.0,483
1749200400,31843.0,32044.0,32054.0,31797.0,696
1749204000,32011.0,31857.0,32526.0,31495.0,3638
1749207600,31802.0,31966.0,31966.0,31720.0,357
1749211200,31560.0,31768.0,31840.0,31390.0,2459
1749214800,31660.0,31560.0,31660.0,31424.0,382
1749218400,31289.0,31660.0,31715.0,31279.0,427
1749222000,31323.0,31278.0,31400.0,31261.0,711
1749225600,31339.0,31347.0,31422.0,31304.0,57
1749229200,31322.0,31375.0,31405.0,31317.0,49
1749232800,31334.0,31307.0,31344.0,31304.0,89
1749236400,31284.0,31302.0,31308.0,31277.0,66
1749240000,31268.0,31278.0,31294.0,31268.0,88
1749448800,31255.0,31351.0,31408.0,31230.0,660
1749452400,31208.0,31228.0,31379.0,31208.0,358
1749456000,31127.0,31208.0,31208.0,31044.0,895
1749459600,31239.0,31123.0,31260.0,31058.0,539
1749463200,31211.0,31255.0,31331.0,31160.0,412
1749466800,31176.0,31153.0,31232.0,31075.0,499
1749470400,31122.0,31169.0,31169.0,31019.0,125
1749474000,31067.0,31127.0,31150.0,31021.0,423
1749477600,31055.0,31053.0,31164.0,31042.0,165
1749481200,31030.0,31052.0,31084.0,31017.0,204
1749484800,31155.0,31040.0,31175.0,31038.0,153
1749488400,31134.0,31146.0,31146.0,31107.0,42
1749492000,31062.0,31126.0,31126.0,31062.0,86
1749495600,31145.0,31145.0,31145.0,31145.0,15
1749499200,31099.0,31118.0,31118.0,31099.0,6
1749535200,31240.0,31241.0,31353.0,31076.0,399
1749538800,31148.0,31238.0,31292.0,31048.0,224
1749542400,31065.0,31143.0,31200.0,31019.0,79
1749546000,30929.0,31049.0,31106.0,30926.0,79
1749549600,30813.0,30934.0,30961.0,30797.0,267
1749553200,30885.0,30857.0,30892.0,30850.0,138
1749556800,30876.0,30878.0,30924.0,30854.0,254
1749560400,30841.0,30841.0,30874.0,30748.0,326
1749564000,30856.0,30832.0,30880.0,30757.0,214
1749567600,30946.0,30868.0,30952.0,30868.0,202
1749571200,30932.0,30967.0,30971.0,30911.0,102
1749574800,30815.0,30936.0,30936.0,30815.0,71
1749578400,30877.0,30820.0,30877.0,30820.0,34
1749582000,30865.0,30869.0,30881.0,30865.0,15
1749585600,30857.0,30879.0,30891.0,30857.0,36
1749621600,30948.0,30869.0,30976.0,30853.0,241
1749625200,31176.0,30976.0,31251.0,30929.0,1054
1749628800,31143.0,31190.0,31249.0,31113.0,566
1749632400,31066.0,31142.0,31178.0,31042.0,223
1749636000,31188.0,31101.0,31249.0,31101.0,164
1749639600,31179.0,31188.0,31224.0,31166.0,53
1749643200,31280.0,31227.0,31305.0,31210.0,383
1749646800,31238.0,31307.0,31359.0,31238.0,657
1749650400,31188.0,31224.0,31224.0,31149.0,267
1749654000,31296.0,31185.0,31320.0,31169.0,191
1749657600,31128.0,31295.0,31295.0,31096.0,188
1749661200,31106.0,31155.0,31164.0,31106.0,81
1749664800,31162.0,31122.0,31162.0,31122.0,3
1749668400,31136.0,31155.0,31155.0,31136.0,11
1749672000,31150.0,31156.0,31194.0,31143.0,47
1749794400,31010.0,31239.0,31255.0,30936.0,803
1749798000,30943.0,30957.0,31030.0,30925.0,107
1749801600,30973.0,30945.0,30973.0,30915.0,119
1749805200,31118.0,30980.0,31120.0,30970.0,510
1749808800,31001.0,31110.0,31117.0,30998.0,159
1749812400,30973.0,31017.0,31043.0,30933.0,173
1749816000,30949.0,30970.0,31039.0,30948.0,108
1749819600,30946.0,30911.0,30978.0,30911.0,94
1749823200,30958.0,30977.0,31010.0,30947.0,233
1749826800,30947.0,30973.0,30974.0,30922.0,77
1749830400,30922.0,30911.0,30934.0,30877.0,154
1749834000,30946.0,30921.0,30946.0,30907.0,32
1749837600,30957.0,30957.0,30958.0,30957.0,9
1749841200,30950.0,30966.0,30970.0,30950.0,127
1749844800,30939.0,30951.0,30951.0,30930.0,54
1750053600,30973.0,30944.0,30973.0,30900.0,199
1750057200,30988.0,31040.0,31114.0,30945.0,282
1750060800,31052.0,30981.0,31059.0,30920.0,164
1750064400,31185.0,31045.0,31185.0,31045.0,295
1750068000,31180.0,31212.0,31234.0,31125.0,208
1750071600,31200.0,31180.0,31266.0,31174.0,174
1750075200,31161.0,31240.0,31300.0,31094.0,366
1750078800,31020.0,31159.0,31210.0,30995.0,486
1750082400,31040.0,31050.0,31074.0,30986.0,225
1750086000,30989.0,30995.0,31040.0,30980.0,149
1750089600,31040.0,30977.0,31040.0,30949.0,48
1750093200,31048.0,31017.0,31072.0,31014.0,155
1750096800,31002.0,31022.0,31022.0,30988.0,35
1750100400,30961.0,31007.0,31020.0,30961.0,74
1750104000,31037.0,30999.0,31071.0,30999.0,63
1750140000,31029.0,31052.0,31053.0,30972.0,93
1750143600,31138.0,30993.0,31194.0,30981.0,317
1750147200,31173.0,31176.0,31176.0,31117.0,32
1750150800,31282.0,31166.0,31300.0,31155.0,293
1750154400,31250.0,31288.0,31298.0,31208.0,122
1750158000,31201.0,31268.0,31268.0,31139.0,250
1750161600,31243.0,31215.0,31268.0,31215.0,62
1750165200,31290.0,31244.0,31309.0,31230.0,127
1750168800,31297.0,31290.0,31354.0,31251.0,238
1750172400,31252.0,31287.0,31305.0,31252.0,153
1750176000,31325.0,31286.0,31355.0,31280.0,205
1750179600,31326.0,31315.0,31326.0,31305.0,31
1750183200,31273.0,31356.0,31357.0,31266.0,31
1750186800,31244.0,31279.0,31279.0,31226.0,93
1750190400,31286.0,31252.0,31288.0,31243.0,41
1750226400,31325.0,31240.0,31427.0,31240.0,332
1750230000,31170.0,31337.0,31337.0,31095.0,502
1750233600,31198.0,31159.0,31214.0,31137.0,151
1750237200,31286.0,31200.0,31294.0,31149.0,105
1750240800,31285.0,31285.0,31358.0,31254.0,237
1750244400,31265.0,31327.0,31327.0,31263.0,135
1750248000,31296.0,31251.0,31296.0,31243.0,171
1750251600,31305.0,31296.0,31314.0,31192.0,149
1750255200,31270.0,31304.0,31304.0,31205.0,73
1750258800,31265.0,31255.0,31270.0,31233.0,116
1750262400,31195.0,31218.0,31258.0,31195.0,32
1750266000,31193.0,31194.0,31206.0,31173.0,140
1750269600,31193.0,31169.0,31193.0,31157.0,75
1750273200,31136.0,31144.0,31144.0,31136.0,120
1750276800,31130.0,31182.0,31182.0,31124.0,235
